tread_depth,pressure,mileage,age_months,temperature,status,failure
6.5,117.5,110067,104,131.7,Inspect,0
2.7,113.3,90566,92,173.1,Fail,1
2.2,118.5,125033,122,133.8,Fail,1
5.7,96.2,65359,62,141.8,Inspect,0
9.3,77,44529,41,178.9,Fail,1
4.4,95.7,89269,78,123.5,Inspect,0
9.3,78.5,10692,7,127.3,Fail,1
10.2,92,19183,23,157.1,OK,0
2.4,115.5,39558,33,159,Fail,1
8.6,79.2,145468,150,178.1,Fail,1
13.3,114.7,90087,85,140.4,Inspect,0
11.9,87.8,42859,34,160.7,OK,0
3.7,110.1,12108,15,174.7,Fail,1
11.3,73.7,54411,58,128.7,Fail,1
12.4,101.2,50303,49,144.4,OK,0
10.8,101.9,133194,131,155.4,Fail,1
3.4,105.7,114356,121,157,Fail,1
8.3,91.4,4787,6,128.1,OK,0
2.4,101.8,47839,52,138.7,Fail,1
6.9,107.8,35090,35,125.8,OK,0
5.5,78.1,139524,142,185.4,Fail,1
11.6,79.3,133991,139,160.5,Fail,1
11.7,114.8,48382,47,152,OK,0
11.8,113,2035,1,158.3,OK,0
7,81.1,18859,21,144.2,Inspect,0
8.2,105.2,55180,54,192.9,Fail,1
13.5,82.6,75090,69,122.8,Inspect,0
9.3,95.1,8670,3,140.9,OK,0
12.9,82,22589,24,138.2,Inspect,0
10.1,108.1,36407,36,174.6,OK,0
6.4,101.6,95395,90,182.6,Inspect,0
5.8,79.3,7075,7,164.3,Fail,1
10.1,70.8,77301,80,133.1,Fail,1
10.3,89.3,140572,134,130.3,Fail,1
6.1,75.7,138779,136,169.5,Fail,1
11.8,97.8,79917,82,138.1,OK,0
3.1,114.9,135162,127,146.2,Fail,1
10.7,114.9,133175,139,178.5,Fail,1
9.7,74.2,25082,26,120.7,Fail,1
3.2,103.2,1754,5,132.1,Fail,1
8.6,104.6,98142,101,137.8,Inspect,0
5.9,107.3,97795,93,183.7,Inspect,0
9.9,98.4,14957,8,138.3,OK,0
13.7,89.7,133914,130,167.3,Fail,1
11.5,95.1,86958,79,174.2,Inspect,0
5.4,71.2,97175,97,133.3,Fail,1
13.3,117.7,137314,136,192.5,Fail,1
13.6,112.7,44872,48,148.9,OK,0
12.2,85.8,26254,29,172.2,OK,0
8.8,74.9,92636,93,194.3,Fail,1
3.7,95.9,131728,136,172.7,Fail,1
6.3,84.7,121594,126,180.8,Fail,1
12.4,115.7,77190,84,168.7,OK,0
10.4,109.8,133610,133,145.3,Fail,1
6.5,74.7,87163,86,160.7,Fail,1
5.4,99.5,5544,2,122.8,Inspect,0
11.9,88,19932,27,136.2,OK,0
9.5,74.3,8700,9,159.9,Fail,1
8.5,101.9,109187,109,144.2,Inspect,0
11.5,83.5,66406,68,125.9,Inspect,0
2.3,118.1,125561,121,133,Fail,1
3.9,82.5,82834,91,173.6,Fail,1
9.9,84,143274,145,165.9,Fail,1
7,82.4,54039,62,176.8,Inspect,0
2.2,75.8,7854,6,127.3,Fail,1
7.9,93.7,26807,36,152.5,OK,0
6.8,100.8,95628,94,166.9,Inspect,0
8,112.8,99145,96,132.2,Inspect,0
2.8,102.1,4950,8,163.2,Fail,1
6.7,102.2,69279,69,160.9,OK,0
13.3,89.3,144217,141,143.9,Fail,1
12.1,71.2,122355,123,141.1,Fail,1
3.4,104.8,94712,96,180.3,Fail,1
5.4,78.9,112841,115,180.5,Fail,1
13.9,90.6,56430,53,189.8,Inspect,0
12.3,91.4,112879,118,176.6,Inspect,0
3.2,115.1,76282,73,187.2,Fail,1
6.7,70.5,135901,140,126.8,Fail,1
5.8,117.5,142640,152,153.6,Fail,1
5.5,86.4,101205,106,176.4,Inspect,0
11.5,109.5,14589,11,161.2,OK,0
7.3,114.4,53286,53,128.8,OK,0
3.7,108.1,93114,90,181.6,Fail,1
10.5,74.1,13640,14,194,Fail,1
6.5,88.5,122107,118,126.3,Fail,1
11.3,97.9,64209,71,188,Inspect,0
3.3,94.6,2691,1,128.9,Fail,1
3.4,102.5,112160,111,163.8,Fail,1
13.5,88.7,43571,41,192.2,Fail,1
2.1,118.5,7430,9,186.8,Fail,1
8.3,119.6,11995,14,159.2,OK,0
9.6,104.8,68726,68,167.1,OK,0
9,115.1,7771,7,166.5,OK,0
5.3,79.4,70091,74,146.5,Fail,1
9,73.9,146184,136,181,Fail,1
10.2,78.1,136728,138,181.7,Fail,1
13.4,106.3,92398,95,185,Inspect,0
2.5,71.3,57093,56,180.8,Fail,1
13.8,77.5,89525,91,183.2,Fail,1
12.1,93.4,62808,62,140.5,OK,0
2.7,113.2,122122,129,190.9,Fail,1
12.2,82.4,68131,69,129.7,Inspect,0
13.4,100.3,35067,40,146.9,OK,0
3.4,103.6,78525,86,177.9,Fail,1
8.2,112.6,83234,88,150.3,Inspect,0
3.6,71.4,113515,114,166.5,Fail,1
10.4,80.6,21319,12,152.8,Inspect,0
12.8,87.4,77584,84,178.8,OK,0
6.8,101.1,129492,129,139.4,Fail,1
7.5,119,74400,78,144.7,OK,0
9.6,82,12303,6,145.9,Inspect,0
12.8,93.7,100466,102,132.9,Inspect,0
4.3,72,26171,22,126.7,Fail,1
3.4,93,31743,28,147.3,Fail,1
8,104.5,6857,9,126.1,OK,0
12.5,116,10100,16,140.8,OK,0
11.7,107.4,28493,25,156.3,OK,0
9.4,88.4,69917,63,176.1,OK,0
2.4,82.6,107289,107,159.9,Fail,1
3.3,92.4,80359,85,138.2,Fail,1
5.2,88.9,3990,1,144.6,Inspect,0
3.4,114.5,89445,86,170.9,Fail,1
11.5,94.9,13951,25,175.9,OK,0
7.2,76.4,43282,48,147.2,Fail,1
9.8,98.5,54058,54,137.8,OK,0
3.2,77.6,37647,38,132.1,Fail,1
4.2,84.3,26832,14,193.7,Fail,1
3.3,89.9,145451,148,184.9,Fail,1
11.8,82.9,26462,29,161.8,Inspect,0
8.9,84,115654,116,134,Inspect,0
5.9,91.3,76633,74,165.8,Inspect,0
5.5,99.1,24000,22,156.1,Inspect,0
8.4,72.6,51154,48,171.1,Fail,1
11.1,99.8,71264,75,150.9,OK,0
6.2,116.5,124762,125,133.6,Fail,1
2.8,107.1,86596,87,183.1,Fail,1
3.7,109.8,31042,29,181.1,Fail,1
10,96.2,54465,52,185.8,Inspect,0
6.7,110.8,66431,63,142.6,OK,0
11,95.1,35599,24,187.5,Inspect,0
6.6,97.2,136064,131,190.5,Fail,1
9.5,86.7,21751,23,179.6,OK,0
9.4,96.7,134189,131,143.4,Fail,1
5,107.2,5996,8,162.7,Inspect,0
11.1,113.8,51970,58,131.2,OK,0
4.8,106.1,108285,106,168.1,Inspect,0
10.3,97.1,38518,33,188.1,Inspect,0
9,90,69838,67,191,Fail,1
3.8,99.3,76377,75,185.4,Fail,1
13.2,98.3,104800,105,189.2,Inspect,0
10.5,77.6,86866,80,175.2,Fail,1
13.2,116.3,68175,77,128.5,OK,0
13.8,111.9,19574,32,149.9,OK,0
2.7,86.8,120625,123,120.3,Fail,1
6,89.9,81071,79,146,Inspect,0
10.9,92.6,34466,37,153.9,OK,0
3.7,78.8,75256,79,147.2,Fail,1
9,101.6,2951,2,169.8,OK,0
4.1,118.1,23150,19,194.8,Fail,1
8,99.8,10994,10,176.2,OK,0
4.5,114.9,31565,44,124.9,Inspect,0
11.3,92.7,79134,73,153.1,OK,0
6.8,98,24130,25,191,Fail,1
6.5,83.5,96955,95,150.7,Inspect,0
2.3,77.8,107679,107,136.6,Fail,1
4.8,103.6,3936,4,127.8,Inspect,0
11.6,78.9,98259,96,138.2,Fail,1
10.7,112.8,124702,123,149.8,Fail,1
10,80.2,44679,36,187,Inspect,0
11.8,87.1,39654,48,148.5,OK,0
9.1,83.4,93998,100,152.7,Inspect,0
5.5,117.4,114777,103,130.5,Inspect,0
12.4,94.4,134288,132,121.7,Fail,1
5.2,97.1,95388,102,139.3,Inspect,0
3.7,111.7,147675,141,140.4,Fail,1
2.2,115.7,18544,19,163.2,Fail,1
5.3,97.7,98061,95,120.8,Inspect,0
3.6,115,131209,133,164.8,Fail,1
9.2,103.3,27130,26,148.7,OK,0
8.2,72.3,25776,29,175.4,Fail,1
3,100.2,37557,29,146.7,Fail,1
10.6,84.9,85394,81,155.7,Inspect,0
10,116.8,110153,113,123.9,Inspect,0
8,99.8,50802,43,177.8,OK,0
3.3,73.8,109500,119,152.6,Fail,1
5,111,120112,119,172.1,Fail,1
5.3,99.5,54785,48,160.6,Inspect,0
12.5,106.6,121177,120,169.4,Fail,1
10.3,112.5,38200,30,194.1,Fail,1
13.3,72,106130,105,189.4,Fail,1
4.2,98.4,137407,139,192.8,Fail,1
13.3,93.7,129444,128,183.3,Fail,1
5.8,111.4,6514,1,129,Inspect,0
2.9,104.8,51641,54,174.4,Fail,1
2.8,85.8,81384,78,166.9,Fail,1
12.6,100.8,35710,40,121.8,OK,0
12.4,71.1,131330,134,179.9,Fail,1
14,87.5,115311,115,150.1,Inspect,0
7.8,101.4,131177,122,175.3,Fail,1
4.9,75.5,53838,45,141.5,Fail,1
5.6,81.7,7271,1,171,Inspect,0
4.6,117.5,118165,112,126.7,Inspect,0
7,114,141765,153,132.5,Fail,1
13.9,81.6,141467,138,168.7,Fail,1
9.3,95.6,35369,32,134,OK,0
11.4,87.5,9618,6,192.7,Fail,1
12.6,116.4,149241,147,176.9,Fail,1
10.4,77.7,122559,116,136.8,Fail,1
4.7,96.8,89348,85,185.8,Inspect,0
5.2,76.5,133423,134,191.7,Fail,1
12.3,110.5,98631,94,150.6,Inspect,0
6.5,83,108789,109,157.2,Inspect,0
3,81,102805,85,164.4,Fail,1
11.9,87.4,102024,97,162.4,Inspect,0
5.2,113.9,119816,124,185,Inspect,0
10.5,111.9,104923,107,171,Inspect,0
9.4,107.6,24632,22,175.8,OK,0
3.9,110.9,124987,120,158.1,Fail,1
2.1,84.4,92922,93,139.5,Fail,1
9.6,97,117196,117,128,Inspect,0
11.1,97.1,144485,150,189.9,Fail,1
3.2,116.9,103494,96,125.1,Fail,1
5.6,105.4,11035,1,166.6,Inspect,0
2.5,113.6,146049,150,192.7,Fail,1
11,76.5,113981,113,177.8,Fail,1
10.2,92.3,41770,31,194.8,Fail,1
7.1,92.6,25379,28,136.6,OK,0
3,104,98522,103,140.5,Fail,1
13.4,77.6,65417,64,167.9,Fail,1
6.8,83.7,147612,150,150.7,Fail,1
12.7,81.5,32752,33,147.6,Inspect,0
12.4,93.7,145260,144,133.9,Fail,1
12.4,108.8,115867,118,167,Inspect,0
3.6,71.6,138206,141,166.2,Fail,1
11.6,94.1,18478,20,152.3,OK,0
4.4,94.6,10567,6,163.6,Inspect,0
5.2,109.9,47243,45,125.4,Inspect,0
6.7,94,90403,90,141.9,Inspect,0
10.3,113,117197,117,127.9,Inspect,0
4.9,119.3,22231,19,157.4,Inspect,0
9.4,105.1,84387,80,146.3,Inspect,0
2.4,73.9,60141,60,130,Fail,1
8.8,104.5,120287,117,127.8,Fail,1
9.6,105.3,5706,3,190.2,Fail,1
2.6,97.1,106650,108,180.1,Fail,1
6.1,110.7,12937,16,187.1,Inspect,0
8.6,110.9,68395,70,174.9,OK,0
3,73,37818,48,132,Fail,1
12.5,81,146403,141,179.2,Fail,1
9.9,94.9,83749,81,173.9,Inspect,0
4.7,119.8,146244,140,171,Fail,1
2.9,71.5,39394,42,154.7,Fail,1
12.4,106.4,111663,102,147.8,Inspect,0
13.9,72,130187,125,163.4,Fail,1
7.3,106.3,73513,65,164.4,OK,0
12.9,80.5,93822,90,167.4,Inspect,0
10.8,76.6,107657,109,156.9,Fail,1
5,113.5,67350,65,158.6,Inspect,0
6.3,99.6,25365,27,139.4,OK,0
9.9,86.3,116247,115,129.8,Inspect,0
13.6,92.7,36171,25,182.2,Inspect,0
7.2,82.4,92954,94,173,Inspect,0
4,78.4,6464,10,155.6,Fail,1
12.1,110.3,88217,94,185.1,Inspect,0
4.5,75.6,41192,41,190.2,Fail,1
2.5,76.1,68377,64,190,Fail,1
5.8,95.4,7194,7,185.1,Inspect,0
7.5,95.8,73838,76,170,OK,0
3.7,71.5,46881,42,170.5,Fail,1
13.6,74.7,101217,104,153.3,Fail,1
12.4,78.9,104201,104,166.3,Fail,1
12.4,98.5,5527,15,189.8,Inspect,0
10.3,103.8,33135,27,168.8,OK,0
3.3,102.9,149912,158,123.6,Fail,1
13.7,90.3,130742,132,175.4,Fail,1
12.5,90.2,49727,56,170.1,OK,0
11.7,108.1,119874,126,129,Inspect,0
8.5,70.3,49363,48,147.5,Fail,1
6.8,104.8,58895,51,148,OK,0
4.7,73.7,90913,89,170.1,Fail,1
9.4,93.2,57588,57,155.9,OK,0
2.3,87.1,57649,63,149.9,Fail,1
9,96.7,91577,94,173.9,Inspect,0
13.5,70.9,30170,33,120.6,Fail,1
9.8,114.9,37278,36,127.6,OK,0
7.8,82.8,43446,46,143,Inspect,0
11.6,97,47384,54,140.4,OK,0
7,76.1,27991,31,171.1,Fail,1
4.2,96.3,106647,107,139.2,Inspect,0
13.6,94.2,121092,116,161.3,Fail,1
2.5,101.7,142759,148,186.3,Fail,1
4.7,80.6,92036,93,150.8,Inspect,0
12.1,115,53659,57,140.6,OK,0
11.9,91.2,100464,96,127.2,Inspect,0
9.5,92.6,88404,91,184.7,Inspect,0
4.6,74.8,4522,1,168.1,Fail,1
9.3,97.3,35560,42,157.3,OK,0
13.9,76.8,104576,96,150.3,Fail,1
7.1,105.9,104172,105,163.4,Inspect,0
5.3,74,13763,11,187.1,Fail,1
4.3,86.2,34771,31,158.9,Inspect,0
2.8,110,35823,34,160.5,Fail,1
12.6,102.5,80410,74,170.2,Inspect,0
13.9,103.1,84109,77,174.8,Inspect,0
7.6,73,84782,79,160.2,Fail,1
3.2,92.5,113668,116,146.1,Fail,1
10,109.8,139149,136,131.4,Fail,1
13.9,116.4,81453,74,183.2,Inspect,0
8.3,101.2,14279,11,182,Inspect,0
11.4,105.4,6387,8,142.7,OK,0
5.2,88,14058,14,142.9,Inspect,0
6.8,92.4,90488,94,158.7,Inspect,0
13,94.8,148831,146,189.8,Fail,1
3.4,110.9,57712,60,185.8,Fail,1
12.4,110.3,118714,116,150.2,Inspect,0
4.1,104.7,52568,51,193.2,Fail,1
9.7,111.1,20746,33,177.4,OK,0
4.1,95.1,60400,58,131,Inspect,0
6.4,73.4,4845,7,152.4,Fail,1
5.7,95.3,66487,66,127.9,Inspect,0
9.7,80.8,93318,88,124.6,Inspect,0
11.4,93,9666,11,194.6,Fail,1
2.7,104.8,147568,144,129.1,Fail,1
5.6,75.1,104132,102,124.7,Fail,1
8.1,119.8,122281,114,166.8,Fail,1
8.3,91.3,20475,25,186.5,Inspect,0
7.4,79.7,55796,61,175,Fail,1
11.2,70.6,63006,61,156.1,Fail,1
2.2,83,114283,114,136.1,Fail,1
2.1,82.1,146405,140,180.1,Fail,1
13.5,94.4,17350,7,183.3,Inspect,0
3.2,94.4,23357,33,144.4,Fail,1
10.8,93.8,57007,52,178.9,OK,0
12.7,117.8,118248,106,143.7,Inspect,0
10.3,91.9,38945,38,167.8,OK,0
9.9,114.8,95863,100,166,Inspect,0
2.8,95.9,23375,23,171,Fail,1
2.5,74.2,107732,116,125.4,Fail,1
2.9,70.6,143518,139,142.2,Fail,1
6.2,108.7,99544,106,133.9,Inspect,0
4.1,74.9,99385,95,121.6,Fail,1
3,118.4,45021,49,177.7,Fail,1
9.5,89.1,31647,33,178.1,OK,0
9.7,96.5,7250,2,192.6,Fail,1
11.6,84.6,147015,154,176.1,Fail,1
11.7,102.8,20086,29,145.4,OK,0
13.1,81.2,56452,47,166,Inspect,0
13.3,82,19103,9,134.8,Inspect,0
12.6,102.3,43600,45,183.5,Inspect,0
13,82.6,113501,114,154.5,Inspect,0
12.1,106.4,116690,111,160.9,Inspect,0
13.8,116.9,7432,9,132.4,OK,0
3.6,106.3,122850,123,183.1,Fail,1
10.8,97.1,88961,81,158.1,Inspect,0
5.6,98.3,103643,105,177.1,Inspect,0
3.9,93.1,2390,6,138.5,Fail,1
10.7,119.6,15777,22,135.3,OK,0
8.7,106.7,92781,90,134.1,Inspect,0
6.3,109.2,83579,76,131.2,Inspect,0
5.7,113.8,149453,143,147.6,Fail,1
7.4,106.1,133043,124,150.9,Fail,1
10.3,70.2,93318,100,146.7,Fail,1
11.5,74.6,88642,99,124.9,Fail,1
9,98.1,84538,83,165.3,Inspect,0
10.1,110.2,41203,41,125.8,OK,0
2.7,86.7,117949,124,173.1,Fail,1
11.5,95.9,66589,64,152.6,OK,0
3.1,81,90135,85,175.2,Fail,1
14,116.7,96742,106,178.9,Inspect,0
3.4,90.5,126130,120,148.8,Fail,1
8.9,99.4,28486,21,122,OK,0
2.3,111.6,41687,35,158.9,Fail,1
5.6,117,39635,44,183.1,Inspect,0
4.2,110.1,69269,68,156.2,Inspect,0
3.6,74,109462,95,174.7,Fail,1
11.2,77.9,91923,91,130.2,Fail,1
11,102.8,143535,138,138.5,Fail,1
12.9,82.5,41520,37,177,Inspect,0
7.4,108.8,10739,8,124.7,OK,0
12.9,77,80330,80,150.8,Fail,1
6.2,115,4251,5,162,OK,0
13.2,72.6,63400,63,139.5,Fail,1
10.8,119.1,39222,33,162.4,OK,0
7.6,118.6,91670,94,146.2,Inspect,0
3.4,77.6,34572,37,162.1,Fail,1
8.3,75.7,129160,126,174.2,Fail,1
2.8,105.4,81987,81,156.4,Fail,1
4,117.3,127646,123,170.2,Fail,1
7.5,90.6,97995,94,158.4,Inspect,0
11.7,93,8741,9,179,OK,0
4.4,82.9,25541,31,159,Inspect,0
4.5,113.9,132057,128,185.3,Fail,1
4.9,92.6,147763,147,188.2,Fail,1
8.5,94.9,16715,13,169.3,OK,0
11.9,89,116566,107,179.5,Inspect,0
8.9,101.7,119889,120,149.7,Inspect,0
13,96.7,24535,29,143.8,OK,0
12.3,115.3,42258,45,193.8,Fail,1
3.7,80.1,28449,29,131.4,Fail,1
7.3,100.8,13436,17,186.2,Inspect,0
11.6,95.3,145101,146,170.1,Fail,1
9.6,78.3,132407,132,152.1,Fail,1
3.9,70.6,84403,93,186.8,Fail,1
3,106.6,28924,30,184.4,Fail,1
11.8,97,106826,105,181.6,Inspect,0
7.5,87.9,74637,64,182.1,Inspect,0
6,78.7,107090,104,146.1,Fail,1
7.4,107.4,98020,95,166.6,Inspect,0
6.2,112.1,71221,71,129.5,OK,0
10.1,86.3,103262,103,125.2,Inspect,0
4.1,112.8,34849,32,168.2,Inspect,0
10.3,95.6,46491,50,135.9,OK,0
2.4,85.2,98321,101,169.9,Fail,1
5.1,115.4,100939,104,162,Inspect,0
3.3,92.4,69593,70,148.5,Fail,1
13.7,75.5,63959,69,123.2,Fail,1
10.9,115.9,42725,40,188.3,Inspect,0
11,110.2,3682,7,192.2,Fail,1
10.7,85.2,124579,127,128.4,Fail,1
10.4,97,15383,13,138.1,OK,0
2.1,93.4,45888,37,142.5,Fail,1
10.9,72.4,135531,139,183.9,Fail,1
10,99.7,133953,137,122.6,Fail,1
9,119.8,128498,125,159.1,Fail,1
2.8,111.6,90247,91,182.2,Fail,1
12.5,98.6,78099,81,152.3,OK,0
5.8,91.7,116308,120,153.3,Inspect,0
9.3,101.6,89162,90,172.7,Inspect,0
4.8,95.6,16529,15,168.9,Inspect,0
13.4,100,111795,99,158,Inspect,0
9.6,73.5,38904,36,123.4,Fail,1
3.7,83.8,145758,134,144.9,Fail,1
7.8,79.8,92006,87,158.7,Fail,1
2.1,70.4,33641,30,122.8,Fail,1
3.3,86.9,120585,122,142,Fail,1
13.2,89.9,13976,27,166.3,OK,0
3.4,87.3,76604,76,172.7,Fail,1
13.9,76.6,41934,47,149.6,Fail,1
7.1,90.6,136234,140,143.2,Fail,1
11.9,117.8,123358,131,120.1,Fail,1
9.6,72.6,39383,40,171.5,Fail,1
3.4,89.2,68979,65,147.7,Fail,1
3.5,90.9,112925,115,170.1,Fail,1
10.1,88.1,89455,88,120.8,Inspect,0
9.6,115.7,92273,94,129,Inspect,0
12.8,73.3,80561,83,130.7,Fail,1
2.1,91.1,44961,58,123.3,Fail,1
3.5,97.9,52131,49,174.7,Fail,1
9.8,112.3,104181,113,140.7,Inspect,0
5.7,109.4,67516,63,179.9,Inspect,0
11.9,112.9,137578,128,163.7,Fail,1
6.5,100.1,106132,102,171.6,Inspect,0
6.5,78.3,65148,60,121.9,Fail,1
9.7,101.8,51750,49,125.4,OK,0
6.9,85.6,101890,93,136.3,Inspect,0
13.9,92.7,103552,109,130.5,Inspect,0
7.8,71.4,76312,75,122.9,Fail,1
2.4,89.4,24843,26,121.8,Fail,1
11.1,92.9,44097,43,186.6,Inspect,0
9.2,111.3,147617,148,141.6,Fail,1
13.5,89.5,58441,61,131.6,OK,0
8.6,97.1,114523,104,182.5,Inspect,0
7.3,85.1,39640,33,192.5,Fail,1
8.7,87.4,87489,83,130.4,Inspect,0
7.3,101.3,73845,75,162.7,OK,0
9.4,80.1,59875,64,123,Inspect,0
7.7,97.2,34934,36,185.2,Inspect,0
3.6,109.5,19598,28,179.6,Fail,1
5.3,113.9,141662,141,193.6,Fail,1
7.8,113.2,88720,82,148.1,Inspect,0
5.4,80.2,114507,115,156.9,Inspect,0
8.9,113.3,147130,135,150.6,Fail,1
11.9,108.2,86455,92,187,Inspect,0
2.7,114.2,67799,66,158.3,Fail,1
9.5,116.3,3848,13,174.2,OK,0
10.3,76.7,45609,44,146.9,Fail,1
11.7,83.9,32395,29,121.1,Inspect,0
10.9,111.7,111330,115,130.7,Inspect,0
11,108.4,99122,102,166,Inspect,0
3.1,94.4,12569,14,150.6,Fail,1
6.9,73.3,52974,53,191.1,Fail,1
2.9,117.8,78863,78,142.5,Fail,1
2.9,95,119382,118,125.5,Fail,1
6.8,84.8,35625,36,141.1,Inspect,0
11.6,116.5,61360,59,155.7,OK,0
4.7,102,146868,150,165.3,Fail,1
6.3,102.4,19315,19,153.7,OK,0
9,101.2,11694,16,171.2,OK,0
4.9,105.7,123557,124,159,Fail,1
3.7,108.8,41439,48,157.3,Fail,1
5.4,76.7,94804,91,140.7,Fail,1
10.5,73.1,126061,126,120.3,Fail,1
5,107,48124,46,140.3,Inspect,0
12.1,85.7,118550,114,186.9,Inspect,0
7.2,115.5,57220,56,149.1,OK,0
9.6,105.2,1650,11,132.5,OK,0
10.6,103.3,144941,139,127.9,Fail,1
11.4,102.2,8179,13,147,OK,0
13.5,95,65476,58,147.7,OK,0
6.4,72.6,115367,114,151.2,Fail,1
11.9,112.5,32587,30,186,Inspect,0
4.6,103.9,91555,102,142.1,Inspect,0
3.6,102.6,111051,116,149.6,Fail,1
10.6,80,133642,126,141.6,Fail,1
6.4,72.9,17615,8,182.7,Fail,1
2.2,89,51264,51,121.4,Fail,1
3.5,90.7,74436,78,164.6,Fail,1
2.1,93.2,144561,132,158.9,Fail,1
10.1,85.6,116324,116,193.2,Fail,1
3.5,70.8,115753,123,180.5,Fail,1
3.4,83.3,3615,8,158.8,Fail,1
6.2,88.6,1201,1,142.5,OK,0
9.8,118.7,127212,130,154.3,Fail,1
6.8,85.1,10788,14,137.1,OK,0
5,94.2,112369,108,191.8,Fail,1
13.3,109.3,148707,148,160.8,Fail,1
13.6,73.8,55486,52,130.6,Fail,1
9.5,109.1,87166,84,131,Inspect,0
11.7,101.8,58836,52,145.9,OK,0
13,84.5,71028,75,186.8,Inspect,0
10.5,73.1,22948,17,191.8,Fail,1
8.4,82.1,75589,74,171,Inspect,0
2.9,83.7,121237,132,152.5,Fail,1
2.5,78.3,67385,57,135.7,Fail,1
2.6,112.2,147197,149,138.1,Fail,1
13.5,79.8,142763,144,194.6,Fail,1
10.5,119.1,85861,83,164.5,Inspect,0
2.9,101.1,147195,139,134.3,Fail,1
11.5,115.4,141611,141,193.3,Fail,1
11.1,78.1,72058,74,173.9,Fail,1
5,102,100323,101,177.9,Inspect,0
8,70.6,2346,1,146.8,Fail,1
13.1,81.4,95520,92,183.6,Inspect,0
10.7,74.8,64876,59,122.2,Fail,1
7.8,103.1,18656,14,189,Inspect,0
13.9,72.2,114390,106,147.9,Fail,1
6.7,107.7,137845,138,146.8,Fail,1
11.5,82.6,85047,87,146.9,Inspect,0
9.9,82,29547,21,122.9,Inspect,0
2.4,78.8,130148,130,141.2,Fail,1
13.4,99.1,66055,68,176.9,OK,0
5.4,87.7,134220,147,191,Fail,1
12.7,91,117274,115,135.4,Inspect,0
9.1,79.3,50403,33,184.1,Fail,1
4.5,73.6,11282,11,150.7,Fail,1
11.7,111.8,50496,54,172,OK,0
11.3,102.7,23587,24,141.2,OK,0
7.1,71.9,20052,25,177.4,Fail,1
2,90.8,78854,75,142.8,Fail,1
4.8,70.1,109672,104,192.5,Fail,1
4.7,103.2,111542,110,142.7,Inspect,0
5.9,105.6,122700,128,133.6,Fail,1
6.5,115.1,121197,128,169.6,Fail,1
2.9,97.2,106688,98,132.5,Fail,1
11.4,99.2,142881,134,173.6,Fail,1
11.1,75.1,77564,81,158.2,Fail,1
6.4,116.6,124298,129,154.6,Fail,1
13.1,104.7,109618,114,184.6,Inspect,0
5.3,110.4,30090,23,193.4,Fail,1
12.3,105.1,109331,103,162.2,Inspect,0
13.4,94.8,57697,59,175.1,OK,0
6.6,71.3,126010,123,120.9,Fail,1
10.4,118.5,66211,70,181.3,Inspect,0
8.6,118.4,8698,3,157.9,OK,0
10.6,113.1,27709,28,149.7,OK,0
3.6,113.3,24433,31,143.2,Fail,1
5.5,113.6,101232,97,166.9,Inspect,0
8.9,111.6,136006,139,120.9,Fail,1
10.1,72.6,82779,77,146.5,Fail,1
9.5,86.7,110172,104,150.3,Inspect,0
2.8,109.2,43577,52,144.9,Fail,1
2.7,88.7,141722,138,168.1,Fail,1
10.1,101.6,30649,38,127.6,OK,0
5.3,83.8,65370,62,193.5,Fail,1
2.8,95.9,27725,35,172.8,Fail,1
7.1,87.3,60244,57,139.8,OK,0
4.5,94.2,41011,45,192.6,Fail,1
9.2,73.8,12261,5,191.4,Fail,1
5.6,74.6,90257,97,140.1,Fail,1
2.2,118.3,38383,44,170.7,Fail,1
10.5,100.5,47623,50,185,Inspect,0
13.4,75.3,24069,16,190.9,Fail,1
10.8,114.1,31192,39,171,OK,0
6.9,70.8,87855,91,139,Fail,1
7.4,117.9,60456,58,170.4,OK,0
13.7,75.1,2239,4,152.5,Fail,1
3.1,107.4,137267,129,152.6,Fail,1
10.7,70.5,88828,86,166,Fail,1
9.7,82.1,107393,109,121,Inspect,0
5,80.7,41350,44,138.6,Inspect,0
2.8,92.9,110177,118,126.1,Fail,1
13.4,111.9,120958,125,181.7,Fail,1
13.2,97.2,30842,37,175.3,OK,0
8.3,73.4,56295,59,189.1,Fail,1
9,96.9,41059,45,170,OK,0
11.4,92.7,94906,93,138.6,Inspect,0
10.5,91.4,66939,69,124.8,OK,0
11.9,84.6,67143,68,121.6,Inspect,0
5.6,95.1,9370,13,127.9,Inspect,0
11.2,90.5,98620,98,139.5,Inspect,0
3.9,78,11503,14,186.1,Fail,1
11.8,104.3,17454,12,141.7,OK,0
5.7,82.5,77735,67,146.5,Inspect,0
11.9,109.5,46861,49,188.5,Inspect,0
13.4,86.3,53809,57,185.7,Inspect,0
3.2,89.6,83452,83,157.7,Fail,1
4.3,112.9,101864,102,176.1,Inspect,0
7.3,100.5,24894,25,170.5,OK,0
4.2,104.7,35210,35,132.1,Inspect,0
3,71,25696,34,186.8,Fail,1
4.9,87.7,16696,17,165.6,Inspect,0
4.9,72.9,59263,51,137.6,Fail,1
4.6,118,92828,82,152.2,Inspect,0
8.5,104.8,105619,112,132.9,Inspect,0
8,90.6,130708,133,128.7,Fail,1
9.3,75.9,51243,62,130.7,Fail,1
10.3,80.3,59387,58,158.1,Inspect,0
7,70.9,119120,120,125.2,Fail,1
7.7,98,94635,89,120.7,Inspect,0
10.7,96.8,125581,129,181.6,Fail,1
12.1,94.3,50710,49,133.8,OK,0
12.3,114.1,70480,77,125.7,OK,0
6.7,110.2,135364,133,160.6,Fail,1
13.6,73.3,97599,102,125.6,Fail,1
6.5,110.2,65587,60,146.3,OK,0
6.5,73.4,56066,52,154.8,Fail,1
10.7,102.8,106606,105,120.4,Inspect,0
11.7,108.6,82714,93,125,Inspect,0
11.2,99.2,117512,121,158.9,Inspect,0
3.7,103.6,93450,96,175.7,Fail,1
4,79.7,133671,135,176.9,Fail,1
9.2,102.7,133480,134,163.4,Fail,1
9.6,77.8,71614,66,135.2,Fail,1
5.8,82.1,33021,37,151.9,Inspect,0
12.9,95.4,29000,30,148.7,OK,0
11.9,103,119639,117,140.4,Inspect,0
10.3,83.2,140921,133,140.2,Fail,1
4.3,104.7,33588,39,164.6,Inspect,0
5.2,103.1,122426,125,134.1,Fail,1
3.1,104.9,55883,59,152.4,Fail,1
2.4,83,6017,4,161.8,Fail,1
2.5,103.3,49131,51,187.3,Fail,1
12.7,86.3,135243,132,163.3,Fail,1
2.8,74.7,149834,153,144.5,Fail,1
11,110.3,128845,128,129.8,Fail,1
2.3,88,117776,115,162.5,Fail,1
5.8,102.7,35570,42,122.9,Inspect,0
12,101,84945,88,166.8,Inspect,0
12.4,99.3,87561,96,149.2,Inspect,0
4.7,99.8,139299,136,189.7,Fail,1
6.1,96.4,32533,38,173.6,OK,0
9.1,72.7,68759,71,170.6,Fail,1
10.1,88.7,141312,141,171.8,Fail,1
10.4,102.4,42017,35,131.7,OK,0
9.6,100,27724,25,170.1,OK,0
12,78.5,3852,12,178.4,Fail,1
9.3,105,125885,120,150.1,Fail,1
3.8,98.6,42274,57,189.1,Fail,1
9,99.6,53883,49,165.5,OK,0
12.6,114.1,99197,98,135.8,Inspect,0
12.4,114.3,30301,25,180.2,Inspect,0
14,71.5,134707,139,166.7,Fail,1
13.7,93.3,127260,126,125,Fail,1
13.7,110.8,128029,125,190.3,Fail,1
3,89.3,11584,8,155.2,Fail,1
5.2,75,25956,22,131,Fail,1
13.7,108,145196,136,179.9,Fail,1
5.9,85,35643,33,129.7,Inspect,0
5.1,87.8,101425,99,145.7,Inspect,0
12.4,77.7,13327,14,156.3,Fail,1
5.6,98.2,120766,121,157.9,Fail,1
3.7,101.2,41772,36,156.6,Fail,1
3,93,46663,40,174.4,Fail,1
8.9,103.4,116780,105,184.7,Inspect,0
5.8,96.9,126176,120,156.7,Fail,1
10.9,94.6,72993,70,182.9,Inspect,0
6.3,113,61613,58,177.2,OK,0
3.5,79.8,142765,132,133.2,Fail,1
8.8,99,73954,67,161.4,OK,0
6.5,103.1,22042,25,162.8,OK,0
4.2,83.9,33587,35,141.4,Inspect,0
13.1,118.5,86117,83,130.7,Inspect,0
6.5,109.9,55741,56,183.4,Inspect,0
11.6,78.8,101241,97,136.5,Fail,1
4.6,113.7,38200,39,167,Inspect,0
11,77.6,69290,71,146.3,Fail,1
3.1,94.3,138190,134,188.1,Fail,1
7.6,93.3,114325,110,131.6,Inspect,0
7.8,91.5,89939,95,132.8,Inspect,0
2.4,80.2,51721,49,158.3,Fail,1
9.4,115.5,76968,73,122.6,OK,0
8.6,91.9,126037,126,132.1,Fail,1
2.3,92.5,36384,37,141.1,Fail,1
4.1,89,120415,115,149.4,Fail,1
11,76.3,116142,119,162.4,Fail,1
13.1,89.4,10858,5,121.4,OK,0
11.9,96.2,116511,112,122.3,Inspect,0
13.5,103.4,140047,134,139.9,Fail,1
9.3,103.9,48314,49,140.8,OK,0
5.4,118.2,2532,5,173.7,Inspect,0
10.5,101.1,148526,143,125.9,Fail,1
7.3,83.1,52164,45,182.6,Inspect,0
13.2,79.3,56503,51,192.6,Fail,1
7.4,95.1,37752,39,155.3,OK,0
9.9,107.6,113326,117,181.3,Inspect,0
11.1,72.8,2024,2,135.9,Fail,1
10,90.6,60958,59,171.8,OK,0
5.3,79.5,28510,31,145.7,Fail,1
7.2,111.5,18863,20,141.6,OK,0
7.9,85,89816,98,152.5,Inspect,0
4,75.8,82457,81,175,Fail,1
9.9,116.6,123326,126,162.5,Fail,1
9.9,114.9,60528,62,127.8,OK,0
8.9,93.2,18687,21,193.5,Fail,1
4.6,73.4,89632,91,127.7,Fail,1
4.1,98.4,45157,55,190.4,Fail,1
11.8,119.2,39690,39,146.1,OK,0
2.6,72.6,104109,106,154.3,Fail,1
4.7,100.7,38675,29,181.8,Inspect,0
11.8,93.9,53272,58,147.2,OK,0
11.7,86.4,32149,31,156.2,OK,0
12.1,81.1,57767,53,180.6,Inspect,0
11.9,89.2,69409,71,128.9,OK,0
13.2,104.2,80204,79,122.4,Inspect,0
7.7,90.4,25021,25,162.2,OK,0
10.6,73.4,63232,63,128.7,Fail,1
9.4,116.9,99604,98,161.3,Inspect,0
6.8,111.7,122385,119,165.9,Fail,1
6.5,82.8,16775,11,170.7,Inspect,0
9.9,73.5,59893,50,133.6,Fail,1
3.9,111.4,7245,1,185.9,Fail,1
8.7,81.6,75861,74,174.9,Inspect,0
13.5,81,133041,139,150.2,Fail,1
11,96.6,101938,109,152.1,Inspect,0
10.8,111.2,22819,23,183.3,Inspect,0
7.2,89,137344,143,138.8,Fail,1
12.1,94.2,77600,80,144.4,OK,0
2.5,83.6,1950,1,193.4,Fail,1
13.6,89.8,109527,116,180.4,Inspect,0
13.4,90,117711,111,139.9,Inspect,0
13.9,71.3,90925,97,129,Fail,1
13.3,79.1,93790,99,136.7,Fail,1
5.7,97.3,63161,61,151.4,Inspect,0
11.1,114.9,13535,11,149.5,OK,0
3.2,70.8,99596,93,137.5,Fail,1
2.3,111.7,146228,147,130.2,Fail,1
4.8,113.4,139043,136,123,Fail,1
8.9,89.6,5269,4,163.7,OK,0
2.1,109.4,46658,47,149.8,Fail,1
13.7,97.2,42010,39,173.2,OK,0
5.3,115.2,56833,53,152,Inspect,0
12,110.3,34423,34,137,OK,0
11.8,116.5,15208,5,185.3,Inspect,0
3,80.6,113117,110,123.8,Fail,1
7.9,92.1,50825,54,132.1,OK,0
8.9,110.3,114263,102,131.5,Inspect,0
3.8,83.4,54800,63,124.3,Fail,1
2.4,89.6,104877,100,134.5,Fail,1
9.7,83,133026,131,137.2,Fail,1
6.9,82,101185,104,182,Inspect,0
10.1,111.2,60151,62,147,OK,0
10.1,83.5,13103,9,194.4,Fail,1
3.9,119.4,146614,149,163.3,Fail,1
12.4,84.5,70684,76,166.5,Inspect,0
6.9,91.4,50212,55,135.1,OK,0
13.2,104.5,123667,124,161.7,Fail,1
11.4,70.8,122938,126,139,Fail,1
12.4,75.1,19767,16,193.4,Fail,1
10.1,112.3,49325,53,165.2,OK,0
10.2,98.8,64930,73,140.7,OK,0
11.2,81.3,104160,107,176,Inspect,0
4.6,73,20515,13,165.4,Fail,1
12.2,72.2,110388,108,189.7,Fail,1
6,93.3,3038,1,126.1,OK,0
5.1,71.4,95074,102,133.1,Fail,1
5.6,103.2,144830,133,123.8,Fail,1
12.7,98.8,85024,81,126.7,Inspect,0
9.2,87,137672,137,150.5,Fail,1
3.7,105.7,44709,54,187.5,Fail,1
11.5,103.8,102265,103,190.9,Fail,1
5.5,70.1,41521,44,167.5,Fail,1
9.1,70.8,109587,103,144.3,Fail,1
10,97.8,52066,48,150.2,OK,0
10.7,109,18614,20,120,OK,0
10.5,87.8,38917,39,183.8,Inspect,0
13.5,98.3,77654,76,126.4,OK,0
8.6,89,91463,84,127.1,Inspect,0
5.8,74.8,27357,24,194.1,Fail,1
7.3,96.6,131169,128,142.9,Fail,1
6.8,103.6,102646,107,143.6,Inspect,0
3.6,101.6,20120,28,172.5,Fail,1
11,113.6,75493,79,174.8,OK,0
9.4,79.3,4827,2,166.3,Fail,1
12.2,79.8,19706,11,192.3,Fail,1
3.3,93.9,88248,83,124.3,Fail,1
3.3,99.3,82107,82,137.5,Fail,1
9.7,111,7195,17,138.9,OK,0
5.7,100.7,134792,134,180.7,Fail,1
9,106.5,55358,52,134.2,OK,0
10.4,97.8,54434,65,188.4,Inspect,0
2.3,85.8,9475,13,144.9,Fail,1
10.1,89.8,113681,118,154.1,Inspect,0
6.9,116.7,38380,39,192.7,Fail,1
6.5,73.1,51556,46,157.9,Fail,1
3.9,102.9,149664,139,150.1,Fail,1
3.4,114.2,62809,59,149,Fail,1
9.9,92.1,97586,98,191.6,Fail,1
3.8,93.9,90669,93,163.6,Fail,1
6.8,86.9,19896,14,175.1,OK,0
4.5,72.9,83302,81,164.6,Fail,1
12.5,98.8,52476,53,125.9,OK,0
8.8,115.4,60050,67,142.2,OK,0
3.7,77.6,65482,61,190.5,Fail,1
11.1,99.3,124437,125,126,Fail,1
7.7,101.5,124469,120,190.6,Fail,1
3.5,113.8,145670,150,133.3,Fail,1
10.7,72,61408,74,190.2,Fail,1
10.1,94.1,121641,124,191.3,Fail,1
2.3,119.1,13833,10,129.9,Fail,1
7.3,102.2,57761,61,124.1,OK,0
9.2,115.1,58099,56,123.6,OK,0
11.8,111.3,88612,81,146.5,Inspect,0
11.6,97.7,124063,130,164.9,Fail,1
7,117.9,81625,84,165.4,Inspect,0
4.6,101.3,86169,93,159.3,Inspect,0
4.7,103.3,12935,15,153.1,Inspect,0
4,79.2,31141,28,149.8,Fail,1
8.1,94.2,58034,57,182.9,Inspect,0
3.7,95.3,10244,10,162.5,Fail,1
12.5,97.9,144008,140,123.7,Fail,1
3.2,72.2,28606,39,123.4,Fail,1
13.4,112.1,45195,48,125.8,OK,0
4,76.3,19369,11,146.9,Fail,1
13.9,104.2,142398,142,130.7,Fail,1
6.6,97.7,12436,6,156.7,OK,0
7,71.2,50970,59,133.3,Fail,1
3.2,117.8,90304,85,149.5,Fail,1
4.8,74.8,27675,33,179.8,Fail,1
10.1,97.3,71788,67,178.7,OK,0
13.9,82,131271,124,182.3,Fail,1
4.7,90,62041,59,174.8,Inspect,0
7,98.9,125059,130,180.3,Fail,1
12.4,73,104115,102,161.1,Fail,1
6.8,96,149482,144,130.1,Fail,1
10.1,89.8,20818,27,156.3,OK,0
7,87.9,89473,83,163.2,Inspect,0
3.9,93.6,83467,76,175.7,Fail,1
2.3,87.7,117251,118,162.3,Fail,1
5.1,104.7,85541,88,165.8,Inspect,0
7.9,76.7,39938,44,151.4,Fail,1
9.2,95.7,43939,43,141.4,OK,0
10.8,71.2,88139,86,190.6,Fail,1
4.1,93.6,14621,18,150.6,Inspect,0
8.3,114.8,30247,40,121.7,OK,0
12.3,98.9,133708,139,152.2,Fail,1
11,115.7,86246,88,133.6,Inspect,0
5.2,79.9,37781,40,164.1,Fail,1
7.1,100.8,13154,3,126.6,OK,0
4.1,95.9,32885,29,180.9,Inspect,0
2.2,102.5,100662,92,179.9,Fail,1
13.2,71,23913,23,162.3,Fail,1
10,104,139829,144,194.8,Fail,1
10.6,84.4,132083,130,136.5,Fail,1
3.7,113,75508,77,170.6,Fail,1
4.9,107.9,114240,110,135.7,Inspect,0
13.7,102.3,140247,131,142.8,Fail,1
11.4,108.3,104056,103,129.8,Inspect,0
10.1,106.5,86684,88,135.5,Inspect,0
8.1,85.6,64692,71,137.4,OK,0
6.9,83.5,30596,34,178.8,Inspect,0
12.9,88.5,112940,105,124.7,Inspect,0
7.8,75.5,38032,32,143.8,Fail,1
11.7,113.8,46067,43,171.8,OK,0
13.3,104.1,50410,52,157.5,OK,0
9.7,95.5,18872,23,184.6,Inspect,0
3.6,117.6,49994,46,169.7,Fail,1
11,110.6,141916,146,129.9,Fail,1
10.5,107.1,101980,99,138.9,Inspect,0
12.5,78.4,8991,7,183.7,Fail,1
6.6,78.4,125629,134,161.2,Fail,1
4.3,106,77155,72,182.2,Inspect,0
12,105.5,16704,28,182.9,Inspect,0
10.1,104.9,55084,56,128.4,OK,0
6.9,114.3,8032,11,192.1,Fail,1
10.1,101.6,41313,46,149.5,OK,0
3.7,70.5,82094,78,193.2,Fail,1
6.4,87.9,52269,38,186,Inspect,0
8.1,95.4,21617,26,193.7,Fail,1
5,73.7,99808,92,151.7,Fail,1
11.4,79.8,123217,131,168.7,Fail,1
7,92.9,39240,39,144.1,OK,0
9.2,119.8,65854,74,189.1,Inspect,0
6.1,72.7,31432,24,120,Fail,1
13,112.2,111601,109,132.6,Inspect,0
3.4,73.4,108880,108,128.9,Fail,1
8.1,87.4,56848,60,166.6,OK,0
10.6,75.5,6302,5,180.2,Fail,1
6.1,92.2,101662,99,158.2,Inspect,0
12.3,113.3,2476,1,194.2,Fail,1
7.8,119.3,113430,120,138.6,Inspect,0
8.5,119.6,128772,130,145.9,Fail,1
2.1,90.2,35978,33,181.4,Fail,1
6,111.4,1089,1,137.5,OK,0
2.8,79.4,83776,79,141.9,Fail,1
7,88.8,131509,131,144.8,Fail,1
3.3,117.7,9973,14,142.3,Fail,1
5.6,86,25478,23,167.6,Inspect,0
3.5,73.5,136504,137,134.3,Fail,1
11.9,97.2,12600,11,184,Inspect,0
2.2,95.6,115646,116,190.1,Fail,1
12.9,111,133340,130,141.7,Fail,1
6.5,89.7,82138,77,132,Inspect,0
10.3,78.4,47235,54,175.5,Fail,1
9.7,77.8,82509,82,126.6,Fail,1
6.5,90.7,6931,6,123.2,OK,0
4.1,89.6,142219,144,130.6,Fail,1
11.2,75.4,147207,153,145.7,Fail,1
9.5,79.6,22757,19,190.4,Fail,1
13,114.4,94189,87,167.7,Inspect,0
6.3,77.4,89873,84,181.1,Fail,1
6.6,76.6,30306,26,168.2,Fail,1
9.2,104.8,55012,49,181.8,Inspect,0
4.4,93.5,120339,118,171.3,Fail,1
2.3,104.5,48099,52,124.2,Fail,1
9.3,82,58634,55,188.3,Inspect,0
2.1,94.2,19363,18,143.1,Fail,1
13.1,78.1,144909,148,161,Fail,1
12.6,97.7,80649,76,134.7,Inspect,0
4,115.8,49847,56,145.4,Inspect,0
13.4,106.9,90016,86,186.1,Inspect,0
2.6,82.9,70290,74,188.9,Fail,1
7.1,87.1,144271,140,153.4,Fail,1
7.9,87.6,136522,144,180.9,Fail,1
6.1,91.7,127422,129,147.2,Fail,1
11.5,117,93858,97,183.4,Inspect,0
6.7,72.6,60879,63,170.5,Fail,1
7.4,107.4,54190,48,176.2,OK,0
8.5,80.2,44494,46,176.1,Inspect,0
7.8,80.8,145123,140,187.3,Fail,1
8.3,105.4,38573,25,153.5,OK,0
3.5,80.3,1140,4,182.9,Fail,1
8.6,77.7,109489,103,165,Fail,1
10.8,108.5,146336,137,168.6,Fail,1
2.8,114.9,18787,23,144.6,Fail,1
11.8,99.9,59651,65,145.5,OK,0
12.4,74.4,116742,116,183.6,Fail,1
4.2,91.5,25659,27,167.6,Inspect,0
4.4,80.6,7183,16,144.2,Inspect,0
8.7,112.9,100372,103,173.9,Inspect,0
13.2,96.4,39576,39,124,OK,0
10.7,76.1,46113,58,165,Fail,1
4,89,92961,99,192.7,Fail,1
10.7,116.1,114569,108,170,Inspect,0
9.5,100.1,73978,75,159.6,OK,0
6,96,30435,27,126.4,OK,0
7.2,102.9,66219,68,140.8,OK,0
8.7,87.4,139997,140,144.6,Fail,1
10.8,71.8,71740,75,145.2,Fail,1
13,70.6,83369,82,126.4,Fail,1
13.7,95.9,92513,101,137.7,Inspect,0
7.8,91.5,12159,8,157.9,OK,0
11.2,73.1,86944,83,128.9,Fail,1
2.4,72.6,125290,131,139.7,Fail,1
7.1,72,67912,66,163.3,Fail,1
8.9,86.6,48014,46,127.5,OK,0
11.2,118.3,145541,141,184.9,Fail,1
9.2,105,43495,39,156.2,OK,0
11.1,84.1,48387,59,189.3,Inspect,0
2.7,94.3,137007,141,138.7,Fail,1
6.1,112.6,84323,95,158.6,Inspect,0
3.2,70.8,144589,151,126,Fail,1
10.2,116.6,86774,78,129.5,Inspect,0
9,108.3,61556,63,187.4,Inspect,0
9.5,76.6,47144,51,135.1,Fail,1
12.9,108,101783,97,176.7,Inspect,0
7.7,81.3,92876,89,123,Inspect,0
5.9,93.4,23045,21,177.7,Inspect,0
7.1,98.3,4130,2,122.6,OK,0
7.3,110.8,132900,133,188.5,Fail,1
6.7,111.5,20920,16,190.2,Fail,1
11,117.1,101815,104,140.7,Inspect,0
6,105,115032,114,189.7,Inspect,0
4.5,109.9,111043,110,141.2,Inspect,0
5.7,119.1,96773,93,173.8,Inspect,0
13.7,88.9,120474,125,133.5,Fail,1
13.4,80.9,49606,48,176.7,Inspect,0
6.7,100.4,67241,63,124.4,OK,0
5.6,93.7,26034,29,146.6,Inspect,0
6.8,72.9,87912,96,151.5,Fail,1
10.4,90.5,76190,81,120.6,OK,0
10.3,103.1,6721,7,151.6,OK,0
8,115.5,107872,107,163.7,Inspect,0
11.6,113.2,69076,57,192.5,Fail,1
10.4,74.2,129580,127,156,Fail,1
2.8,97.5,63157,61,182,Fail,1
8.7,72.7,145804,147,158.4,Fail,1
5.5,93.5,128820,124,129.7,Fail,1
5.6,109,71272,68,137.1,Inspect,0
4,86.6,141048,134,186.8,Fail,1
7.5,105.5,147573,147,123.8,Fail,1
